,Longitude,Latitude
Ae. Albopictus,12.597542,49.676432
Ae. Albopictus,14.66647,49.5332
Ae. Albopictus,11.2186,44.5967
Ae. Albopictus,10.45,51.16
Ae. Albopictus,12.2018,47.6041
Ae. Albopictus,9.35,48.66
Ae. Albopictus,9.16,50.65
Ae. Albopictus,7.3,50.11
Ae. Albopictus,21.82,39.07
Ae. Albopictus,8.22,46.81
Ae. Albopictus,-3.74,40.46
Ae. Albopictus,4.46,50.5
Ae. Albopictus,13.3995,42.3498
Ae. Albopictus,12.6551,45.9626
Ae. Albopictus,16.2537,39.2982
Ae. Albopictus,14.3311,41.0723
Ae. Albopictus,13.3125,41.6775
Ae. Albopictus,14.768,40.6824
Ae. Albopictus,12.1076,42.4206
Ae. Albopictus,12.2115,41.8172
Ae. Albopictus,12.9035,41.4675
Ae. Albopictus,8.4645,44.2975
Ae. Albopictus,10.2194,45.5411
Ae. Albopictus,10.0226,45.1332
Ae. Albopictus,9.5018,45.3138
Ae. Albopictus,8.825,45.8205
Ae. Albopictus,9.1865,45.4654
Ae. Albopictus,9.2588,45.6235
Ae. Albopictus,8.6116,44.9072
Ae. Albopictus,10.495,43.8376
Ae. Albopictus,10.9078,43.9303
Ae. Albopictus,11.1022,43.8777
Ae. Albopictus,10.4016,43.7222
Ae. Albopictus,11.1123,42.7635
Ae. Albopictus,12.3908,43.1107
Ae. Albopictus,12.6426,42.5636
Ae. Albopictus,12.2167,46.1424
Ae. Albopictus,10.9916,45.438356
Ae. Albopictus,12.2464,44.1396
Ae. Albopictus,12.5646,44.057
Ae. Albopictus,19.5033,47.1624
Ae. Albopictus,13.9373,45.2397
Ae. Albopictus,20.3785,39.4935
Ae. Albopictus,23.5413,41.0909
Ae. Albopictus,21.3798,38.7084
Ae. Albopictus,23.7186,37.9168
Ae. Albopictus,23.7293,37.9837
Ae. Albopictus,23.7986,38.0213
Ae. Albopictus,23.75303,38.01307
Ae. Albopictus,23.7478,37.9305
Ae. Albopictus,23.7038,38.0307
Ae. Albopictus,23.6987,37.9556
Ae. Albopictus,23.9284,37.8405
Ae. Albopictus,23.6183,37.9617
Ae. Albopictus,23.8227,38.0833
Ae. Albopictus,23.8726,37.9011
Ae. Albopictus,23.5008,38.075
Ae. Albopictus,23.6502,37.9451
Ae. Albopictus,23.7766,38.0602
Ae. Albopictus,23.8028,37.8334
Ae. Albopictus,23.8319,38.0329
Ae. Albopictus,13.7883,45.8549
Ae. Albopictus,13.7482,45.8175
Ae. Albopictus,13.7367,45.4797
Ae. Albopictus,13.5496,45.99205
Ae. Albopictus,13.9371,45.6092
Ae. Albopictus,13.8692,45.5216
Ae. Albopictus,14.2646,45.8604
Ae. Albopictus,13.8004,45.5076
Ae. Albopictus,13.9166,45.4767
Ae. Albopictus,13.6493,45.9549
Ae. Albopictus,13.73201,45.9429
Ae. Albopictus,13.7149,45.8894
Ae. Albopictus,13.7882,45.8895
Ae. Albopictus,13.8738,45.7093
Ae. Albopictus,13.8311,45.5246
Ae. Albopictus,13.9625,45.8455
Ae. Albopictus,13.5306,46.0195
Ae. Albopictus,13.6352,45.9118
Ae. Albopictus,13.8327,45.7557
Ae. Albopictus,14.2418,45.57009
Ae. Albopictus,13.92809,45.6609
Ae. Albopictus,14.5828,46.2114
Ae. Albopictus,14.2133,45.7749
Ae. Albopictus,14.0387,45.7199
Ae. Albopictus,2.21,46.22
Ae. Albopictus,21.005,44.0165
Ae. Albopictus,12.51701,41.9026
Ae. Albopictus,7.41797,43.7356
Ae. Albopictus,12.453389,41.902916
Ae. Albopictus,16.632792,48.797359
Ae. Albopictus,11.0401,45.8909
Ae. Albopictus,10.8855,45.9178
Ae. Albopictus,10.8426,45.8885
Ae. Albopictus,2.078861111,41.50036111
Ae. Albopictus,-0.754805556,37.978
Ae. Albopictus,2.155666667,41.49733333
Ae. Albopictus,2.010416667,41.56094444
Ae. Albopictus,2.045166667,41.38091667
Ae. Albopictus,1.93225,41.38869444
Ae. Albopictus,1.811222222,41.23477778
Ae. Albopictus,1.981388889,41.47466667
Ae. Albopictus,2.114861111,41.50869444
Ae. Albopictus,2.1885,41.48230556
Ae. Albopictus,2.156222222,41.5575
Ae. Albopictus,1.861194444,41.40711111
Ae. Albopictus,1.975916667,41.44716667
Ae. Albopictus,1.967138889,41.41330556
Ae. Albopictus,2.015083333,41.36683333
Ae. Albopictus,2.247416667,41.45011111
Ae. Albopictus,1.672805556,41.20833333
Ae. Albopictus,1.956916667,41.52705556
Ae. Albopictus,2.213527778,41.5405
Ae. Albopictus,1.863833333,41.66577778
Ae. Albopictus,2.009861111,41.39361111
Ae. Albopictus,1.976638889,41.35388889
Ae. Albopictus,1.872777778,41.49452778
Ae. Albopictus,1.534833333,41.22041667
Ae. Albopictus,1.775416667,41.25908333
Ae. Albopictus,2.78,41.79025
Ae. Albopictus,2.732611111,41.77702778
Ae. Albopictus,2.239416667,41.60863889
Ae. Albopictus,2.600305556,41.61975
Ae. Albopictus,2.719,41.70205556
Ae. Albopictus,2.356527778,41.48955556
Ae. Albopictus,2.320611111,41.49966667
Ae. Albopictus,2.400555556,41.55552778
Ae. Albopictus,0.508194444,41.36388889
Ae. Albopictus,-0.683222222,37.97744444
Ae. Albopictus,4.4024,51.2194
Ae. Albopictus,17.2149,44.7755
Ae. Albopictus,16.4401,43.5081
Ae. Albopictus,18.0944,42.6506
Ae. Albopictus,2.1581,49.0615
Ae. Albopictus,2.9993,48.84108
Ae. Albopictus,0.1712,48.8798
Ae. Albopictus,7.4975,43.7744
Ae. Albopictus,7.264838,43.715689
Ae. Albopictus,19.2686,42.4425
Ae. Albopictus,19.097113,42.095388
Ae. Albopictus,19.0444,42.1436
Ae. Albopictus,18.670218,42.393037
Ae. Albopictus,19.7856,42.7387
Ae. Albopictus,18.7422,42.4575
Ae. Albopictus,18.533377,42.454787
Ae. Albopictus,4.4937,52.0207
Ae. Albopictus,4.7884,52.5205
Ae. Albopictus,5.1145,52.0917
Ae. Albopictus,1.3776,41.1408
Ae. Albopictus,8.8004,46.3317
Ae. Albopictus,16.3738,48.2081
Ae. Albopictus,4.6695,52.2904
Ae. Albopictus,13.5684853,42.8585553
Ae. Albopictus,13.35139,43.57939
Ae. Albopictus,13.54909,43.46131
Ae. Albopictus,13.3285,43.60416
Ae. Albopictus,13.8556218,43.0365738
Ae. Albopictus,13.40268,43.62506
Ae. Albopictus,13.0015,43.835
Ae. Albopictus,12.64273,43.67683
Ae. Albopictus,12.7573782,43.9608774
Ae. Albopictus,13.8697474,42.993925
Ae. Albopictus,13.21801,43.52639
Ae. Albopictus,13.43287,43.30478
Ae. Albopictus,13.13457,43.76736
Ae. Albopictus,12.89055,43.90796
Ae. Albopictus,12.89623,43.75197
Ae. Albopictus,13.87568,42.94913
Ae. Albopictus,13.1834215,43.2257968
Ae. Albopictus,13.7713376,42.875275
Ae. Albopictus,12.44585216,45.55493685
Ae. Albopictus,12.21147537,45.51290317
Ae. Albopictus,12.15378642,45.42266496
Ae. Albopictus,12.1616292,45.3451781
Ae. Albopictus,12.3223418,45.13213033
Ae. Albopictus,12.12370276,45.1348967
Ae. Albopictus,11.68069839,45.55806951
Ae. Albopictus,11.7881155,45.54124722
Ae. Albopictus,11.9336602,45.4247522
Ae. Albopictus,11.66591406,45.24865941
Ae. Albopictus,11.46236658,45.03046879
Ae. Albopictus,11.78288519,45.10759419
Ae. Albopictus,11.5556234,45.2131637
Ae. Albopictus,11.79020762,45.38855764
Ae. Albopictus,11.99479043,45.29795062
Ae. Albopictus,11.28819466,45.0269732
Ae. Albopictus,11.43602729,44.95497042
Ae. Albopictus,7.720825,47.970281
Ae. Albopictus,10.7848593,45.1517569
Ae. Albopictus,9.00916667,39.13138889
Ae. Albopictus,9.0143282,39.2267043
Ae. Albopictus,8.53805556,39.31
Ae. Albopictus,9.04944444,39.26722222
Ae. Albopictus,8.7710674,38.9670383
Ae. Albopictus,9.1097683,39.2257522
Ae. Albopictus,12.49361111,45.78111111
Ae. Albopictus,12.25111111,45.85222222
Ae. Albopictus,7.31124,43.97423
Ae. Albopictus,7.26392,43.91921
Ae. Albopictus,7.16456,43.84899
Ae. Albopictus,7.09223,43.8641
Ae. Albopictus,6.89393,43.95528
Ae. Albopictus,7.00559,43.94712
Ae. Albopictus,7.08671,43.93624
Ae. Albopictus,6.94572,43.79628
Ae. Albopictus,6.80608,43.80597
Ae. Albopictus,6.8528,43.69649
Ae. Albopictus,6.84523,43.63999
Ae. Albopictus,6.6843,43.45283
Ae. Albopictus,6.63415,43.43985
Ae. Albopictus,6.53625,43.49142
Ae. Albopictus,6.56697,43.47038
Ae. Albopictus,6.48243,43.51197
Ae. Albopictus,6.4618,43.5376
Ae. Albopictus,6.48657,43.44682
Ae. Albopictus,6.4377,43.43252
Ae. Albopictus,6.54752,43.34082
Ae. Albopictus,6.52513,43.27288
Ae. Albopictus,6.52705,43.1744
Ae. Albopictus,6.46262,43.15853
Ae. Albopictus,6.42773,43.1527
Ae. Albopictus,6.07387,43.40597
Ae. Albopictus,6.3437,43.39235
Ae. Albopictus,6.69255,43.62225
Ae. Albopictus,6.75395,43.62267
Ae. Albopictus,6.69755,43.537
Ae. Albopictus,5.64337,43.47145
Ae. Albopictus,5.41,43.29861
Ae. Albopictus,3.09042,43.21513
Ae. Albopictus,3.79467,43.54843
Ae. Albopictus,4.13333,43.71613
Ae. Albopictus,5.05247,43.92207
Ae. Albopictus,4.7239,44.21605
Ae. Albopictus,2.85823,42.4756
Ae. Albopictus,2.84785,42.5778
Ae. Albopictus,2.91286,42.8401
Ae. Albopictus,6.2679,45.55699
Ae. Albopictus,7.51635,43.94349
Ae. Albopictus,7.55314,44.00217
Ae. Albopictus,7.58648,44.05631
Ae. Albopictus,7.34941,43.76529
Ae. Albopictus,7.37469,43.79037
Ae. Albopictus,7.35695,43.83412
Ae. Albopictus,7.35873,43.88178
Ae. Albopictus,7.2938,43.86483
Ae. Albopictus,7.29482,43.83529
Ae. Albopictus,7.29609,43.80886
Ae. Albopictus,7.22387,43.86342
Ae. Albopictus,7.20029,43.82836
Ae. Albopictus,7.15424,43.96158
Ae. Albopictus,7.10472,44.08336
Ae. Albopictus,7.05299,44.1863
Ae. Albopictus,7.16752,44.07
Ae. Albopictus,7.30616,44.01047
Ae. Albopictus,10.55194444,45.46138889
Ae. Albopictus,8.79509,46.16642
Ae. Albopictus,8.84988,46.17891
Ae. Albopictus,8.91591,46.17395
Ae. Albopictus,9.01651,46.17691
Ae. Albopictus,8.86383,46.14654
Ae. Albopictus,8.92679,46.05793
Ae. Albopictus,8.92111,46.03286
Ae. Albopictus,8.9019,46.00659
Ae. Albopictus,8.88014,45.9711
Ae. Albopictus,8.97173,46.03126
Ae. Albopictus,8.97909,46.00191
Ae. Albopictus,8.93457,45.98825
Ae. Albopictus,8.94576,45.95569
Ae. Albopictus,8.97319,45.93455
Ae. Albopictus,12.5459008,42.7006905
Ae. Albopictus,12.26083,42.58861
Ae. Albopictus,12.5747837,43.061298
Ae. Albopictus,12.54212,43.07586
Ae. Albopictus,12.03386,43.12087
Ae. Albopictus,12.24746,43.46224
Ae. Albopictus,12.31516,43.0864
Ae. Albopictus,12.0385348,42.8749669
Ae. Albopictus,12.78661,42.6205
Ae. Albopictus,12.714661,42.949198
Ae. Albopictus,12.3574783,42.8572074
Ae. Albopictus,12.77902,43.23059
Ae. Albopictus,12.578181,43.3079029
Ae. Albopictus,12.3482094,42.9194907
Ae. Albopictus,12.3292189,43.3488288
Ae. Albopictus,12.5182392,42.5340651
Ae. Albopictus,12.1039855,42.7186044
Ae. Albopictus,12.1755573,43.1830837
Ae. Albopictus,12.5016,43.09453
Ae. Albopictus,12.17799,43.54794
Ae. Albopictus,12.73642,42.74777
Ae. Albopictus,12.75438,42.53672
Ae. Albopictus,12.40394,42.77799
Ae. Albopictus,12.32653,43.3045
Ae. Albopictus,10.401,48.333
Ae. Albopictus,11.621,48.151
Ae. Albopictus,11.813,48.123
Ae. Albopictus,11.319,49.115
Ae. Albopictus,6.481,50.752
Ae. Albopictus,9.192,48.886
Ae. Albopictus,8.895,48.617
Ae. Albopictus,9.087,48.534
Ae. Albopictus,9.726,48.11
Ae. Albopictus,9.0020771,39.2911358
Ae. Albopictus,9.66759,45.69492
Ae. Albopictus,9.5504627,45.599685
Ae. Albopictus,15.549007,41.4718386
Ae. Albopictus,12.14775946,43.78251087
Ae. Albopictus,12.31358167,43.88011361
Ae. Albopictus,12.2784632,43.90057323
Ae. Albopictus,12.27335585,43.80685626
Ae. Albopictus,12.37463136,43.91499338
Ae. Albopictus,12.19763799,43.85930773
Ae. Albopictus,10.03791141,45.08863508
Ae. Albopictus,9.501930628,44.96740433
Ae. Albopictus,9.962461934,44.8873046
Ae. Albopictus,9.98013327,44.97381087
Ae. Albopictus,9.596539124,44.77862201
Ae. Albopictus,9.385855939,44.79202588
Ae. Albopictus,9.461956212,45.00775979
Ae. Albopictus,9.850694146,44.97557652
Ae. Albopictus,9.608267126,45.09124526
Ae. Albopictus,9.85552104,45.05357762
Ae. Albopictus,9.796772698,44.89913106
Ae. Albopictus,9.868405965,44.86630247
Ae. Albopictus,9.427672039,45.05806486
Ae. Albopictus,9.991589688,45.08822648
Ae. Albopictus,9.455401383,44.76038474
Ae. Albopictus,9.920652169,45.00028403
Ae. Albopictus,9.568638533,44.70153112
Ae. Albopictus,9.910077455,44.93423817
Ae. Albopictus,9.553731702,44.93925917
Ae. Albopictus,9.624164746,44.98772965
Ae. Albopictus,9.558516726,45.00986647
Ae. Albopictus,9.709444203,44.81635769
Ae. Albopictus,9.778323021,44.81179684
Ae. Albopictus,9.928847585,45.08949731
Ae. Albopictus,9.343657856,44.93177835
Ae. Albopictus,9.71779081,45.04142769
Ae. Albopictus,9.411174518,44.92595056
Ae. Albopictus,9.463792091,44.90785648
Ae. Albopictus,9.702247733,44.97048337
Ae. Albopictus,9.79593515,44.99328116
Ae. Albopictus,9.611824783,44.91644191
Ae. Albopictus,9.565644504,45.06349564
Ae. Albopictus,9.739894506,44.92379233
Ae. Albopictus,9.934006525,45.03014342
Ae. Albopictus,9.498382021,45.06556089
Ae. Albopictus,9.525956313,44.85768698
Ae. Albopictus,9.843041721,44.78782007
Ae. Albopictus,9.639333094,44.88978158
Ae. Albopictus,10.01701769,45.03015496
Ae. Albopictus,9.383538938,44.99070095
Ae. Albopictus,9.578975589,44.52534261
Ae. Albopictus,9.800740243,44.50189784
Ae. Albopictus,10.1306659,44.59023824
Ae. Albopictus,10.20748129,44.75111058
Ae. Albopictus,10.38063595,44.94137196
Ae. Albopictus,10.23874273,44.67951243
Ae. Albopictus,10.05591011,44.86207474
Ae. Albopictus,10.16432723,44.88087997
Ae. Albopictus,10.20317612,44.84871379
Ae. Albopictus,10.11184471,44.66856926
Ae. Albopictus,10.23318063,44.61459828
Ae. Albopictus,10.29871841,44.61790781
Ae. Albopictus,10.08030033,44.73971782
Ae. Albopictus,10.44450989,44.91980661
Ae. Albopictus,10.39275475,44.70431595
Ae. Albopictus,10.31291163,44.54295341
Ae. Albopictus,10.13570465,44.80258084
Ae. Albopictus,10.32759315,44.79363961
Ae. Albopictus,9.909107318,44.74596517
Ae. Albopictus,10.08578964,45.0131785
Ae. Albopictus,10.21142796,44.99794185
Ae. Albopictus,10.198869,44.69646126
Ae. Albopictus,9.981371838,44.80399097
Ae. Albopictus,9.972102206,44.64387472
Ae. Albopictus,10.13855371,44.93769765
Ae. Albopictus,10.43499888,44.86427933
Ae. Albopictus,10.06749239,44.61126043
Ae. Albopictus,10.34285035,44.90161577
Ae. Albopictus,10.37219402,44.63418994
Ae. Albopictus,9.983164517,44.69302345
Ae. Albopictus,9.849351258,44.64289865
Ae. Albopictus,10.15173793,45.01237733
Ae. Albopictus,10.67889549,44.78407911
Ae. Albopictus,10.62174314,44.48131818
Ae. Albopictus,10.6187696,44.79611432
Ae. Albopictus,10.53009305,44.45187088
Ae. Albopictus,10.75262899,44.58895433
Ae. Albopictus,10.48981427,44.52759283
Ae. Albopictus,10.70186775,44.52285401
Ae. Albopictus,10.41693942,44.43867925
Ae. Albopictus,10.52688497,44.70332591
Ae. Albopictus,10.41272555,44.55111524
Ae. Albopictus,10.765574,44.76297848
Ae. Albopictus,10.61676828,44.8816634
Ae. Albopictus,10.68159826,44.90529748
Ae. Albopictus,10.45962653,44.70781852
Ae. Albopictus,10.70856259,44.8452733
Ae. Albopictus,10.52537902,44.8530598
Ae. Albopictus,10.51382141,44.62984394
Ae. Albopictus,10.79839702,44.91446281
Ae. Albopictus,10.63469737,44.69742599
Ae. Albopictus,10.78786051,44.67015492
Ae. Albopictus,10.78398245,44.71516847
Ae. Albopictus,10.44086734,44.62136037
Ae. Albopictus,10.46747102,44.75092904
Ae. Albopictus,10.68990404,44.59879487
Ae. Albopictus,10.54556268,44.38512552
Ae. Albopictus,10.35585011,44.47523395
Ae. Albopictus,10.53007438,44.57932593
Ae. Albopictus,10.99615077,44.71966464
Ae. Albopictus,10.89253866,44.80158918
Ae. Albopictus,11.07281382,44.59817529
Ae. Albopictus,10.9299136,44.56186949
Ae. Albopictus,11.00143585,44.84030293
Ae. Albopictus,11.00175742,44.92478347
Ae. Albopictus,11.26677912,44.8491409
Ae. Albopictus,10.82587439,44.53046294
Ae. Albopictus,10.87008544,44.50813172
Ae. Albopictus,10.9139431,44.43675485
Ae. Albopictus,11.07557625,44.83786665
Ae. Albopictus,11.12450423,44.90739263
Ae. Albopictus,11.05596157,44.68518236
Ae. Albopictus,10.92946149,44.87319352
Ae. Albopictus,11.02375431,44.57360007
Ae. Albopictus,11.15062965,44.84518431
Ae. Albopictus,10.77824443,44.53341285
Ae. Albopictus,10.94170178,44.7477148
Ae. Albopictus,11.00044101,44.53695569
Ae. Albopictus,11.19341884,44.56515585
Ae. Albopictus,11.33244606,44.63128219
Ae. Albopictus,11.57139673,44.66853944
Ae. Albopictus,11.42280951,44.63297692
Ae. Albopictus,11.33342259,44.49798834
Ae. Albopictus,11.54616747,44.56261405
Ae. Albopictus,11.27471129,44.56823971
Ae. Albopictus,11.30890894,44.68591675
Ae. Albopictus,11.06474076,44.4324146
Ae. Albopictus,11.35392792,44.57194621
Ae. Albopictus,11.54813761,44.39619604
Ae. Albopictus,11.46517768,44.51120731
Ae. Albopictus,11.14200924,44.52876872
Ae. Albopictus,11.18573159,44.75242908
Ae. Albopictus,11.42940915,44.74696669
Ae. Albopictus,11.43256347,44.56124985
Ae. Albopictus,11.71590303,44.38773019
Ae. Albopictus,11.50978102,44.68746297
Ae. Albopictus,11.66895527,44.51416786
Ae. Albopictus,11.50264317,44.61653004
Ae. Albopictus,11.09078492,44.47121914
Ae. Albopictus,11.47616981,44.42851021
Ae. Albopictus,10.93192162,44.149536
Ae. Albopictus,11.26780353,44.62644133
Ae. Albopictus,11.37472354,44.65754887
Ae. Albopictus,11.20321654,44.66018644
Ae. Albopictus,11.40493524,44.71050315
Ae. Albopictus,11.12744111,44.66583492
Ae. Albopictus,11.24214966,44.40658375
Ae. Albopictus,11.08585389,44.2913803
Ae. Albopictus,11.21052572,44.49492442
Ae. Albopictus,11.88923534,44.62222224
Ae. Albopictus,11.99665895,44.95990368
Ae. Albopictus,11.37381713,44.90309543
Ae. Albopictus,11.30787983,44.77569867
Ae. Albopictus,12.12843347,44.85817925
Ae. Albopictus,12.16213973,44.68356164
Ae. Albopictus,11.86080376,44.90240856
Ae. Albopictus,11.64925034,44.82283111
Ae. Albopictus,11.86717108,44.84238693
Ae. Albopictus,11.97900633,44.87536704
Ae. Albopictus,12.14314878,44.7705027
Ae. Albopictus,11.79823298,44.78287827
Ae. Albopictus,12.05958442,44.79228685
Ae. Albopictus,12.21921248,44.89979624
Ae. Albopictus,11.95432446,44.78770758
Ae. Albopictus,11.44728585,44.82142423
Ae. Albopictus,11.97794305,44.72371247
Ae. Albopictus,11.49731534,44.77038694
Ae. Albopictus,11.83891045,44.69824428
Ae. Albopictus,11.79137181,44.94458916
Ae. Albopictus,11.38483122,44.80015239
Ae. Albopictus,11.49622985,44.85274441
Ae. Albopictus,11.73775402,44.76201129
Ae. Albopictus,11.90032091,44.80754605
Ae. Albopictus,12.31738948,44.83178724
Ae. Albopictus,11.99138445,44.7815874
Ae. Albopictus,12.00335152,44.54471405
Ae. Albopictus,12.0057076,44.43924992
Ae. Albopictus,11.83478557,44.39259833
Ae. Albopictus,11.74085126,44.19444859
Ae. Albopictus,11.61103484,44.20491747
Ae. Albopictus,11.7870799,44.32075301
Ae. Albopictus,12.31500674,44.25119117
Ae. Albopictus,11.83364638,44.52724968
Ae. Albopictus,11.91173961,44.3800591
Ae. Albopictus,11.90993047,44.29721293
Ae. Albopictus,11.97290737,44.48290622
Ae. Albopictus,11.90658821,44.47730187
Ae. Albopictus,11.8144609,44.4614343
Ae. Albopictus,11.7021433,44.2765996
Ae. Albopictus,12.04769649,44.37268176
Ae. Albopictus,11.86255474,44.44698982
Ae. Albopictus,11.83605,44.35766334
Ae. Albopictus,11.94532555,43.86606166
Ae. Albopictus,12.14577377,44.15711213
Ae. Albopictus,12.35275892,44.01745487
Ae. Albopictus,11.9339092,44.17215425
Ae. Albopictus,12.3800887,44.1758385
Ae. Albopictus,12.01175654,44.01376357
Ae. Albopictus,11.87919633,44.12217456
Ae. Albopictus,12.04980223,44.22742468
Ae. Albopictus,12.12794017,44.18956366
Ae. Albopictus,11.91349469,43.99124912
Ae. Albopictus,12.34781254,44.11820138
Ae. Albopictus,12.39185499,44.13113974
Ae. Albopictus,12.34194327,44.08264873
Ae. Albopictus,12.0643434,44.09722916
Ae. Albopictus,12.16686854,43.98311396
Ae. Albopictus,11.79794759,44.14913077
Ae. Albopictus,12.29848205,44.07321913
Ae. Albopictus,11.72030413,44.00038835
Ae. Albopictus,11.95152118,44.09219471
Ae. Albopictus,11.78160718,43.9667322
Ae. Albopictus,11.8422379,44.06098204
Ae. Albopictus,12.26593325,44.04398974
Ae. Albopictus,12.43237536,44.1149765
Ae. Albopictus,11.85070167,43.91441733
Ae. Albopictus,12.10398667,43.92804712
Ae. Albopictus,12.26511459,43.97292445
Ae. Albopictus,11.7504836,44.06234627
Ae. Albopictus,12.05579354,43.8041211
Ae. Albopictus,12.46364065,44.13171112
Ae. Albopictus,12.56942073,43.96773153
Ae. Albopictus,12.67166822,43.96273827
Ae. Albopictus,12.65193457,43.84451176
Ae. Albopictus,12.58020277,43.92807644
Ae. Albopictus,12.61653835,43.88182372
Ae. Albopictus,12.70833489,43.86670934
Ae. Albopictus,12.53276098,43.92412297
Ae. Albopictus,12.40778155,44.02869941
Ae. Albopictus,12.64582637,43.99680802
Ae. Albopictus,12.53051635,44.0388778
Ae. Albopictus,12.67941661,43.88549133
Ae. Albopictus,12.63206231,43.93129092
Ae. Albopictus,12.7065334,43.93480301
Ae. Albopictus,12.43546264,44.05236424
Ae. Albopictus,12.37618891,43.97881813
Ae. Albopictus,12.42846928,43.98322221
Ae. Albopictus,12.56466668,43.89314123
Ae. Albopictus,14.0317299,42.6520537
Ae. Albopictus,13.1668732,45.764773
Ae. Albopictus,13.02777778,41.27833333
Ae. Albopictus,11.03313224,44.47596039
Ae. Albopictus,10.9908417,44.4943321
Ae. Albopictus,10.94340746,44.49896048
Ae. Albopictus,10.89603322,44.52619661
Ae. Albopictus,10.89466893,44.55599344
Ae. Albopictus,10.85778706,44.57994239
Ae. Albopictus,10.79942944,44.60040876
Ae. Albopictus,10.88631212,44.65667668
Ae. Albopictus,10.93939907,44.66348396
Ae. Albopictus,10.92498463,44.61769824
Ae. Albopictus,10.83587193,44.69242515
Ae. Albopictus,10.90115667,44.71080469
Ae. Albopictus,10.85891217,44.76062624
Ae. Albopictus,11.05019072,44.77412677
Ae. Albopictus,11.01602976,44.78988368
Ae. Albopictus,10.898859,44.89270331
Ae. Albopictus,10.99769009,44.89030212
Ae. Albopictus,11.14652041,44.78870484
Ae. Albopictus,11.10238984,44.72676313
Ae. Albopictus,11.06937258,44.65533852
Ae. Albopictus,7.602694,47.599829
Ae. Albopictus,7.887758,47.981886
Ae. Albopictus,9.5273623,45.6662838
Ae. Albopictus,9.6081567,45.6545741
Ae. Albopictus,9.8785477,45.6405612
Ae. Albopictus,10.0820935,45.8228318
Ae. Albopictus,9.7685402,45.7452587
Ae. Albopictus,9.5848909,45.6947986
Ae. Albopictus,9.74691,45.52078
Ae. Albopictus,9.665453,45.8370441
Ae. Albopictus,9.955692,45.6711404
Ae. Albopictus,9.7258576,45.6878092
Ae. Albopictus,9.60081,45.51924
Ae. Albopictus,9.7017807,45.5947445
Ae. Albopictus,9.6310109,45.7523529
Ae. Albopictus,24.244722,41.074972
Ae. Albopictus,24.16,41.021
Ae. Albopictus,24.187778,41.051931
Ae. Albopictus,24.147222,41.149
Ae. Albopictus,24.121111,41.131628
Ae. Albopictus,24.208611,41.131361
Ae. Albopictus,24.093056,41.117617
Ae. Albopictus,24.043056,41.121628
Ae. Albopictus,24.0475,41.060669
Ae. Albopictus,21.26666,48.65
Ae. Albopictus,-8.093,37.09
Ae. Albopictus,23.31615,40.10754
Ae. Albopictus,23.55348,40.2864
Ae. Albopictus,24.29825,35.31419
Ae. Albopictus,22.91175,40.83841
Ae. Albopictus,22.59603,40.85776
Ae. Albopictus,24.22473,35.31103
Ae. Albopictus,24.2638,35.3605
Ae. Albopictus,24.86446,41.11983
Ae. Albopictus,23.93306,41.19122
Ae. Albopictus,25.40561,41.11827
Ae. Albopictus,24.90353,41.0902
Ae. Albopictus,18.5767,45.5222
Ae. Albopictus,18.6719,45.5278
Ae. Albopictus,18.6425,45.5428
Ae. Albopictus,18.8054,45.2991
Ae. Albopictus,18.703,45.058
Ae. Albopictus,9.944093,49.793261
Ae. Albopictus,8.4148,48.46431
Ae. Albopictus,7.011,51.45
Ae. Albopictus,11.608549,50.891075
Ae. Albopictus,8.68671,49.402586
Ae. Albopictus,-0.16587,38.995031
Ae. Albopictus,-0.256844,39.163167
Ae. Albopictus,-0.317964,39.204922
Ae. Albopictus,2.809012,41.83415
Ae. Albopictus,2.157367,41.644595
Ae. Albopictus,2.524227,41.570945
Ae. Albopictus,2.646258,41.6233
Ae. Albopictus,1.784261,41.799971
Ae. Albopictus,0.651884,40.779585
Ae. Albopictus,1.04236,41.082489
Ae. Albopictus,-0.372809,38.462145
Ae. Albopictus,2.472126,41.725554
Ae. Albopictus,2.832135,41.897941
Ae. Albopictus,2.761947,42.084714
Ae. Albopictus,2.724611,42.056357
Ae. Albopictus,2.574673,41.599352
Ae. Albopictus,-0.216778,39.680727
Ae. Albopictus,2.269965,41.626538
Ae. Albopictus,1.721401,41.283298
Ae. Albopictus,2.355586,41.646028
Ae. Albopictus,1.624851,41.533946
Ae. Albopictus,-0.989974,37.639024
Ae. Albopictus,2.888396,41.879581
Ae. Albopictus,2.074658,41.622567
Ae. Albopictus,1.853585,41.638751
Ae. Albopictus,1.970724,41.276731
Ae. Albopictus,1.677656,41.669716
Ae. Albopictus,1.827426,41.677366
Ae. Albopictus,-0.044826,39.998004
Ae. Albopictus,1.818228,41.832759
Ae. Albopictus,1.704234,41.596281
Ae. Albopictus,2.103266,41.75169
Ae. Albopictus,1.604146,41.334286
Ae. Albopictus,1.917436,41.448046
Ae. Albopictus,1.307192,41.178139
Ae. Albopictus,2.600403,41.971141
Ae. Albopictus,2.87814,42.017931
Ae. Albopictus,2.222201,41.785438
Ae. Albopictus,2.123012,41.480667
Ae. Albopictus,2.337938,41.702663
Ae. Albopictus,1.827808,41.572747
Ae. Albopictus,1.192121,41.161282
Ae. Albopictus,1.930681,41.424415
Ae. Albopictus,2.07671,41.355352
Ae. Albopictus,0.118545,40.323834
Ae. Albopictus,2.982083,41.923693
Ae. Albopictus,1.630495,41.209652
Ae. Albopictus,2.829351,42.363763
Ae. Albopictus,-0.76293,38.109683
Ae. Albopictus,1.910287,41.516488
Ae. Albopictus,-0.754899,38.13875
Ae. Albopictus,2.440008,41.604354
Ae. Albopictus,0.92534,41.159892
Ae. Albopictus,-0.664823,38.247114
Ae. Albopictus,1.863384,41.549868
Ae. Albopictus,1.104407,41.421066
Ae. Albopictus,2.090789,41.379072
Ae. Albopictus,1.618191,41.72977
Ae. Albopictus,2.272601,41.717161
Ae. Albopictus,2.972401,42.270537
Ae. Albopictus,1.255098,41.358441
Ae. Albopictus,2.642953,41.720302
Ae. Albopictus,2.439508,41.753737
Ae. Albopictus,1.712812,41.764915
Ae. Albopictus,1.644291,41.42199
Ae. Albopictus,2.265068,41.781366
Ae. Albopictus,2.812138,41.92793
Ae. Albopictus,2.313027,41.649057
Ae. Albopictus,-1.213919,37.732263
Ae. Albopictus,2.114572,41.694222
Ae. Albopictus,-0.215573,38.984251
Ae. Albopictus,2.282034,41.690065
Ae. Albopictus,-1.831455,37.187485
Ae. Albopictus,1.859375,41.434963
Ae. Albopictus,1.424301,41.363007
Ae. Albopictus,2.835756,41.984626
Ae. Albopictus,-0.426997,39.535905
Ae. Albopictus,2.279258,41.593398
Ae. Albopictus,2.504665,41.73734
Ae. Albopictus,-3.391718,36.737956
Ae. Albopictus,-0.668998,38.080995
Ae. Albopictus,-1.5901,37.467957
Ae. Albopictus,2.111956,41.357916
Ae. Albopictus,1.79558,41.542554
Ae. Albopictus,2.772519,41.928256
Ae. Albopictus,1.614704,41.585939
Ae. Albopictus,-1.784523,43.318746
Ae. Albopictus,-0.851581,38.04782
Ae. Albopictus,2.903792,42.439669
Ae. Albopictus,1.539074,41.469306
Ae. Albopictus,2.203436,41.51415
Ae. Albopictus,2.908396,41.815109
Ae. Albopictus,2.869311,41.922563
Ae. Albopictus,1.492861,41.242038
Ae. Albopictus,2.408202,41.635556
Ae. Albopictus,1.825908,41.720607
Ae. Albopictus,0.231457,40.295709
Ae. Albopictus,1.802957,41.629083
Ae. Albopictus,1.917978,41.478965
Ae. Albopictus,1.220329,41.237983
Ae. Albopictus,1.430351,41.263285
Ae. Albopictus,1.807198,41.500093
Ae. Albopictus,2.649273,41.775215
Ae. Albopictus,0.520489,40.573524
Ae. Albopictus,2.012484,41.628692
Ae. Albopictus,2.446935,41.554326
Ae. Albopictus,-1.352241,37.620912
Ae. Albopictus,1.632489,41.481009
Ae. Albopictus,2.632053,42.122043
Ae. Albopictus,-1.199301,38.122899
Ae. Albopictus,2.034529,41.420559
Ae. Albopictus,2.020884,41.757484
Ae. Albopictus,-1.231953,37.971816
Ae. Albopictus,1.842387,41.609372
Ae. Albopictus,1.154794,41.361297
Ae. Albopictus,1.00173,41.117758
Ae. Albopictus,-0.771912,38.029249
Ae. Albopictus,1.386557,41.259761
Ae. Albopictus,1.487258,41.331611
Ae. Albopictus,2.265851,41.544825
Ae. Albopictus,-0.216002,40.065823
Ae. Albopictus,0.956211,41.056513
Ae. Albopictus,-1.107195,37.921525
Ae. Albopictus,1.910694,41.754706
Ae. Albopictus,1.771539,41.888489
Ae. Albopictus,1.379476,41.185701
Ae. Albopictus,-0.15919,39.852769
Ae. Albopictus,1.290134,41.252572
Ae. Albopictus,1.852628,41.353374
Ae. Albopictus,1.167495,41.265545
Ae. Albopictus,1.901881,41.553745
Ae. Albopictus,-0.104127,38.896828
Ae. Albopictus,1.812057,41.299326
Ae. Albopictus,2.494295,42.176887
Ae. Albopictus,1.724763,41.319165
Ae. Albopictus,0.01506,38.827039
Ae. Albopictus,-0.909479,38.067294
Ae. Albopictus,1.578017,41.524171
Ae. Albopictus,1.666459,41.360233
Ae. Albopictus,-0.865745,37.743326
Ae. Albopictus,2.175358,41.580488
Ae. Albopictus,1.260207,41.168188
Ae. Albopictus,0.6114,40.748401
Ae. Albopictus,2.012174,41.442094
Ae. Albopictus,0.355269,40.3567
Ae. Albopictus,-0.436192,39.433964
Ae. Albopictus,1.750368,41.511077
Ae. Albopictus,-0.829353,37.899746
Ae. Albopictus,1.311559,41.34687
Ae. Albopictus,1.721549,41.414842
Ae. Albopictus,1.050445,41.208298
Ae. Albopictus,1.681528,41.558253
Ae. Albopictus,-0.31048,39.572901
Ae. Albopictus,1.213074,41.182723
Ae. Albopictus,-0.001368,40.103522
Ae. Albopictus,-3.301236,36.776992
Ae. Albopictus,1.907593,41.704109
Ae. Albopictus,1.512483,41.412941
Ae. Albopictus,2.730469,42.122
Ae. Albopictus,2.096188,41.310251
Ae. Albopictus,0.881593,41.054326
Ae. Albopictus,1.300128,41.279423
Ae. Albopictus,-1.7283,37.399859
Ae. Albopictus,2.887379,41.953068
Ae. Albopictus,1.713074,41.720971
Ae. Albopictus,0.961466,41.205087
Ae. Albopictus,-0.203397,38.947808
Ae. Albopictus,1.919024,41.643482
Ae. Albopictus,1.315997,41.217917
Ae. Albopictus,1.120668,41.148675
Ae. Albopictus,1.171782,41.306785
Ae. Albopictus,2.521201,41.761388
Ae. Albopictus,1.356161,41.163691
Ae. Albopictus,2.672201,41.821761
Ae. Albopictus,0.958396,41.135556
Ae. Albopictus,0.964906,41.173587
Ae. Albopictus,2.796387,41.893245
Ae. Albopictus,1.058328,41.136159
Ae. Albopictus,2.335107,41.596143
Ae. Albopictus,1.461516,41.186331
Ae. Albopictus,-0.71891,38.073983
Ae. Albopictus,0.402021,40.788009
Ae. Albopictus,-0.786812,38.064021
Ae. Albopictus,2.351595,41.555058
Ae. Albopictus,2.015037,41.501473
Ae. Albopictus,1.581487,41.652907
Ae. Albopictus,2.102014,41.555264
Ae. Albopictus,-0.278932,39.690616
Ae. Albopictus,1.906509,41.832259
Ae. Albopictus,1.373814,41.234181
Ae. Albopictus,2.784848,41.973522
Ae. Albopictus,-0.693072,38.125624
Ae. Albopictus,-1.387477,37.82264
Ae. Albopictus,-0.846429,37.817719
Ae. Albopictus,-0.789176,37.833272
Ae. Albopictus,2.221575,41.424232
Ae. Albopictus,2.48427,41.57753
Ae. Albopictus,2.82382,41.869513
Ae. Albopictus,2.395408,41.660799
Ae. Albopictus,2.042396,41.334427
Ae. Albopictus,0.627124,40.604468
Ae. Albopictus,2.540498,41.688922
Ae. Albopictus,2.42166,41.713996
Ae. Albopictus,2.587193,41.781261
Ae. Albopictus,2.161611,41.698683
Ae. Albopictus,1.872404,41.755768
Ae. Albopictus,2.748171,42.001186
Ae. Albopictus,2.56819,41.639309
Ae. Albopictus,1.556893,41.308879
Ae. Albopictus,-0.428943,38.404505
Ae. Albopictus,2.938632,42.045987
Ae. Albopictus,-0.126604,40.068543
Ae. Albopictus,-0.537706,38.382484
Ae. Albopictus,1.797672,41.763365
Ae. Albopictus,2.848718,42.04545
Ae. Albopictus,2.650633,41.975733
Ae. Albopictus,1.835337,41.47079
Ae. Albopictus,2.05438,41.682955
Ae. Albopictus,1.501541,41.552348
Ae. Albopictus,1.620295,41.374426
Ae. Albopictus,2.928117,42.005529
Ae. Albopictus,-0.067904,39.951205
Ae. Albopictus,2.386615,41.711416
Ae. Albopictus,1.665842,41.452699
Ae. Albopictus,2.070332,41.525116
Ae. Albopictus,2.185153,41.726157
Ae. Albopictus,1.787643,41.438677
Ae. Albopictus,1.100792,41.199617
Ae. Albopictus,2.625782,41.868549
Ae. Albopictus,2.206082,41.457739
Ae. Albopictus,2.222151,41.646936
Ae. Albopictus,1.720576,41.38871
Ae. Albopictus,1.576918,41.560624
Ae. Albopictus,1.664464,41.311512
Ae. Albopictus,2.261678,41.517922
Ae. Albopictus,2.453966,41.684215
Ae. Albopictus,2.049241,41.869412
Ae. Albopictus,1.53906,41.249073
Ae. Albopictus,2.176686,41.533113
Ae. Albopictus,-0.577622,38.203374
Ae. Albopictus,1.836237,41.783628
Ae. Albopictus,2.812674,42.013378
Ae. Albopictus,1.276202,41.209337
Ae. Albopictus,-0.04742,38.62535
Ae. Albopictus,1.134818,41.211452
Ae. Albopictus,2.130899,41.613189
Ae. Albopictus,2.739644,41.827787
Ae. Albopictus,1.860165,41.255969
Ae. Albopictus,1.76413,41.834834
Ae. Albopictus,1.80454,41.39818
Ae. Albopictus,-0.308359,39.240244
Ae. Albopictus,2.301476,41.756063
Ae. Albopictus,1.952387,41.731877
Ae. Albopictus,1.261235,41.131386
Ae. Albopictus,-0.450791,39.136928
Ae. Albopictus,-0.254431,39.080421
Ae. Albopictus,2.268576,41.485926
Ae. Albopictus,0.733871,41.018565
Ae. Albopictus,2.686408,41.692909
Ae. Albopictus,1.659253,41.523634
Ae. Albopictus,0.201749,40.209733
Ae. Albopictus,1.4084,41.151263
Ae. Albopictus,2.602383,42.010843
Ae. Albopictus,1.723312,41.440692
Ae. Albopictus,1.570391,41.409356
Ae. Albopictus,-0.966834,37.777407
Ae. Albopictus,-1.268218,38.021003
Ae. Albopictus,-0.704949,38.000422
Ae. Albopictus,0.53285,40.819854
Ae. Albopictus,0.775659,40.907536
Ae. Albopictus,1.917913,41.603946
Ae. Albopictus,-0.359261,39.419893
Ae. Albopictus,-0.029363,40.182098
Ae. Albopictus,1.708985,41.527751
Ae. Albopictus,2.497101,41.64664
Ae. Albopictus,1.252585,41.246074
Ae. Albopictus,2.299269,41.526847
Ae. Albopictus,1.239337,41.301639
Ae. Albopictus,2.256311,41.663455
Ae. Albopictus,2.23677,41.922397
Ae. Albopictus,2.812359,41.77442
Ae. Albopictus,1.329297,41.245389
Ae. Albopictus,2.032205,41.302977
Ae. Albopictus,1.951805,41.557792
Ae. Albopictus,-0.070865,40.121798
Ae. Albopictus,0.690789,40.812248
Ae. Albopictus,2.945517,42.249555
Ae. Albopictus,1.701032,41.347512
Ae. Albopictus,2.463285,41.640353
Ae. Albopictus,1.196087,41.211702
Ae. Albopictus,2.972981,42.221937
Ae. Albopictus,0.090411,40.239501
Ae. Albopictus,1.63471,41.561559
Ae. Albopictus,2.306989,41.554953
Ae. Albopictus,0.930501,41.105681
Ae. Albopictus,1.705166,41.237033
Ae. Albopictus,0.638808,40.676138
Ae. Albopictus,1.035654,41.249614
Ae. Albopictus,-0.128859,39.933182
Ae. Albopictus,1.368458,41.308391
Ae. Albopictus,1.144414,41.101681
Ae. Albopictus,2.348173,41.524093
Ae. Albopictus,2.384367,41.505455
Ae. Albopictus,1.164522,41.334346
Ae. Albopictus,-0.251684,38.521072
Ae. Albopictus,1.66627,41.385715
Ae. Albopictus,2.73952,41.891644
Ae. Albopictus,1.04652,41.375473
Ae. Albopictus,0.435262,40.510401
Ae. Albopictus,2.638175,41.944121
Ae. Albopictus,1.607024,41.273169
Ae. Albopictus,2.529958,41.610263
Ae. Albopictus,1.956981,41.796114
Ae. Albopictus,1.97697,41.86028
Ae. Albopictus,1.783357,41.35225
Ae. Albopictus,1.865776,41.866273
Ae. Albopictus,1.559831,41.270712
Ae. Albopictus,2.771407,42.122071
Ae. Albopictus,2.151086,41.399271
Ae. Albopictus,1.901535,41.3186
Ae. Albopictus,1.567916,41.234294
Ae. Albopictus,-0.831873,38.073647
Ae. Albopictus,0.402716,40.443613
Ae. Albopictus,0.041559,40.056556
Ae. Albopictus,-0.128995,38.554915
Ae. Albopictus,-0.992249,38.026786
Ae. Albopictus,0.057528,40.207837
Ae. Albopictus,1.847919,42.100634
Ae. Albopictus,2.699041,42.201618
Ae. Albopictus,2.717004,41.953081
Ae. Albopictus,2.20536,41.681859
Ae. Albopictus,1.481568,41.280525
Ae. Albopictus,1.436366,41.224977
Ae. Albopictus,1.017627,41.178157
Ae. Albopictus,-0.074567,39.889779
Ae. Albopictus,-0.070151,40.050544
Ae. Albopictus,1.004268,41.146357
Ae. Albopictus,2.556655,41.753395
Ae. Albopictus,1.341873,41.277165
Ae. Albopictus,1.763871,41.609997
Ae. Albopictus,2.672359,41.912174
Ae. Albopictus,0.093777,40.144253
Ae. Albopictus,1.300474,41.395413
Ae. Albopictus,1.710771,41.488847
Ae. Albopictus,1.589922,41.208823
Ae. Albopictus,1.970394,41.772607
Ae. Albopictus,-1.759894,43.343657
Ae. Albopictus,-4.587416,36.642267
Ae. Albopictus,-4.55214,36.660033
Ae. Albopictus,19.77,42.25
Ae. Albopictus,20.38,42.19
Ae. Albopictus,19.86,41.79
Ae. Albopictus,20.19,41.61
Ae. Albopictus,19.53,41.42
Ae. Albopictus,19.84,41.25
Ae. Albopictus,20.14,41.05
Ae. Albopictus,19.6,40.74
Ae. Albopictus,20.09,40.61
Ae. Albopictus,20.18,40.16
Ae. Albopictus,19.79,40.15
Ae. Albopictus,19.52,42.07
Ae. Albopictus,19.8,41.52
Ae. Albopictus,19.83,41.33
Ae. Albopictus,19.79,41
Ae. Albopictus,20.68,40.9
Ae. Albopictus,16.26,47.14
Ae. Albopictus,4.12,51.21
Ae. Albopictus,16.99,44.67
Ae. Albopictus,27.31,42.45
Ae. Albopictus,16.01,45.79
Ae. Albopictus,13.86,45.14
Ae. Albopictus,15.4,44.18
Ae. Albopictus,15.87,43.85
Ae. Albopictus,18.03,42.72
Ae. Albopictus,15.9,45.79
Ae. Albopictus,16.59,49.12
Ae. Albopictus,-0.36,49.09
Ae. Albopictus,2.1,49.08
Ae. Albopictus,2.98,48.62
Ae. Albopictus,0.06,48.58
Ae. Albopictus,5.73,46.78
Ae. Albopictus,4.54,46.66
Ae. Albopictus,0.55,46.61
Ae. Albopictus,5.45,46.06
Ae. Albopictus,6.43,46.05
Ae. Albopictus,4.7,45.88
Ae. Albopictus,6.4,45.5
Ae. Albopictus,5.55,45.29
Ae. Albopictus,-0.47,44.88
Ae. Albopictus,4.37,44.82
Ae. Albopictus,5.24,44.73
Ae. Albopictus,0.47,44.37
Ae. Albopictus,2.65,44.32
Ae. Albopictus,6.23,44.16
Ae. Albopictus,5.2,44.05
Ae. Albopictus,4.05,43.96
Ae. Albopictus,7.18,43.92
Ae. Albopictus,3.37,43.59
Ae. Albopictus,5.02,43.54
Ae. Albopictus,6.29,43.4
Ae. Albopictus,1.24,43.3
Ae. Albopictus,-0.88,43.19
Ae. Albopictus,2.47,43.05
Ae. Albopictus,2.45,42.62
Ae. Albopictus,9.07,42.42
Ae. Albopictus,8.97,41.86
Ae. Albopictus,-0.68,48.8
Ae. Albopictus,0.48,46.76
Ae. Albopictus,5.19,45.91
Ae. Albopictus,4.83,45.74
Ae. Albopictus,6.44,45.48
Ae. Albopictus,11.97,47.87
Ae. Albopictus,7.77,47.71
Ae. Albopictus,24.2,41.27
Ae. Albopictus,23.49,41.08
Ae. Albopictus,22.75,41.07
Ae. Albopictus,22.17,40.9
Ae. Albopictus,23.13,40.68
Ae. Albopictus,23.7,40.27
Ae. Albopictus,22.39,40.25
Ae. Albopictus,20.35,39.54
Ae. Albopictus,21.37,38.74
Ae. Albopictus,21.87,38.06
Ae. Albopictus,23.6,38
Ae. Albopictus,22.7,37.92
Ae. Albopictus,21.55,37.74
Ae. Albopictus,22.39,37.43
Ae. Albopictus,21.97,37.09
Ae. Albopictus,11.78,45.08
Ae. Albopictus,11.88,45.07
Ae. Albopictus,11.08,44.5
Ae. Albopictus,11.27,44.48
Ae. Albopictus,11.42,44.47
Ae. Albopictus,8.93,44.42
Ae. Albopictus,12.21,44.42
Ae. Albopictus,8.97,44.4
Ae. Albopictus,9.03,44.39
Ae. Albopictus,9.16,44.35
Ae. Albopictus,12.26,44.26
Ae. Albopictus,12.4,44.09
Ae. Albopictus,11.24,43.78
Ae. Albopictus,10.8,43.74
Ae. Albopictus,11.12,43.68
Ae. Albopictus,11.79,42.09
Ae. Albopictus,9.94,46.32
Ae. Albopictus,12.21,46.28
Ae. Albopictus,13.11,46.15
Ae. Albopictus,8.3,46.12
Ae. Albopictus,12.66,46.1
Ae. Albopictus,11.21,46.1
Ae. Albopictus,9.17,45.94
Ae. Albopictus,9.39,45.9
Ae. Albopictus,13.45,45.86
Ae. Albopictus,12.21,45.81
Ae. Albopictus,10.34,45.78
Ae. Albopictus,9.85,45.76
Ae. Albopictus,13.75,45.69
Ae. Albopictus,11.49,45.63
Ae. Albopictus,12.54,45.58
Ae. Albopictus,8.58,45.58
Ae. Albopictus,8.11,45.57
Ae. Albopictus,8.35,45.55
Ae. Albopictus,9.13,45.45
Ae. Albopictus,11.06,45.44
Ae. Albopictus,9.61,45.26
Ae. Albopictus,10.02,45.22
Ae. Albopictus,10.87,45.17
Ae. Albopictus,7.39,45.16
Ae. Albopictus,9.02,45.04
Ae. Albopictus,11.86,44.98
Ae. Albopictus,9.64,44.85
Ae. Albopictus,8.66,44.84
Ae. Albopictus,8.2,44.83
Ae. Albopictus,7.56,44.46
Ae. Albopictus,9.07,44.45
Ae. Albopictus,11.32,44.43
Ae. Albopictus,11.95,44.36
Ae. Albopictus,8.32,44.23
Ae. Albopictus,9.77,44.23
Ae. Albopictus,9.97,44.22
Ae. Albopictus,12.05,44.04
Ae. Albopictus,10.44,44.02
Ae. Albopictus,12.54,43.99
Ae. Albopictus,10.85,43.97
Ae. Albopictus,7.82,43.96
Ae. Albopictus,11.09,43.94
Ae. Albopictus,11.23,43.85
Ae. Albopictus,11.88,43.52
Ae. Albopictus,13.2,43.48
Ae. Albopictus,10.64,43.47
Ae. Albopictus,10.54,43.28
Ae. Albopictus,11.45,43.17
Ae. Albopictus,13.29,43.15
Ae. Albopictus,12.59,43.11
Ae. Albopictus,13.55,42.99
Ae. Albopictus,11.26,42.71
Ae. Albopictus,13.75,42.66
Ae. Albopictus,12.39,42.65
Ae. Albopictus,11.98,42.49
Ae. Albopictus,12.92,42.41
Ae. Albopictus,14.01,42.31
Ae. Albopictus,13.62,42.14
Ae. Albopictus,14.43,42.1
Ae. Albopictus,12.52,41.85
Ae. Albopictus,14.77,41.72
Ae. Albopictus,15.57,41.64
Ae. Albopictus,13.51,41.63
Ae. Albopictus,13.21,41.46
Ae. Albopictus,14.15,41.2
Ae. Albopictus,16.64,41.03
Ae. Albopictus,8.96,40.8
Ae. Albopictus,14.46,40.79
Ae. Albopictus,17.7,40.64
Ae. Albopictus,17.25,40.55
Ae. Albopictus,15.87,40.52
Ae. Albopictus,16.4,40.45
Ae. Albopictus,15.13,40.42
Ae. Albopictus,18.14,40.15
Ae. Albopictus,9.22,40.13
Ae. Albopictus,8.72,40.03
Ae. Albopictus,16.39,39.6
Ae. Albopictus,8.94,39.39
Ae. Albopictus,16.91,39.19
Ae. Albopictus,16.51,38.83
Ae. Albopictus,16.13,38.63
Ae. Albopictus,16.11,38.24
Ae. Albopictus,14.92,38.05
Ae. Albopictus,13.61,37.88
Ae. Albopictus,14.44,37.59
Ae. Albopictus,14.8,37.51
Ae. Albopictus,15.05,37.03
Ae. Albopictus,14.67,36.92
Ae. Albopictus,13.24,46.07
Ae. Albopictus,12.05,45.78
Ae. Albopictus,12.83,45.78
Ae. Albopictus,8.43,45.75
Ae. Albopictus,11.56,45.7
Ae. Albopictus,11.61,45.69
Ae. Albopictus,11.43,45.69
Ae. Albopictus,10.32,45.52
Ae. Albopictus,10.48,45.45
Ae. Albopictus,12.33,45.43
Ae. Albopictus,11.88,45.41
Ae. Albopictus,11.87,45.32
Ae. Albopictus,10.79,45.21
Ae. Albopictus,11.84,42.03
Ae. Albopictus,12.89,41.94
Ae. Albopictus,12.12,41.93
Ae. Albopictus,12.49,41.92
Ae. Albopictus,12.2,41.85
Ae. Albopictus,12.35,41.78
Ae. Albopictus,12.29,41.76
Ae. Albopictus,13.35,41.64
Ae. Albopictus,12.45,41.63
Ae. Albopictus,12.54,41.61
Ae. Albopictus,12.58,41.5
Ae. Albopictus,13.67,41.46
Ae. Albopictus,12.62,41.45
Ae. Albopictus,14.28,40.85
Ae. Albopictus,19.4,42.7
Ae. Albopictus,4.79,52.32
Ae. Albopictus,5.21,52.11
Ae. Albopictus,4.27,51.99
Ae. Albopictus,4.29,51.86
Ae. Albopictus,5.56,51.68
Ae. Albopictus,4.56,51.56
Ae. Albopictus,5.87,51.19
Ae. Albopictus,26.11,44.44
Ae. Albopictus,19.67,44.92
Ae. Albopictus,21.29,48.68
Ae. Albopictus,13.76,46.1
Ae. Albopictus,14.6,46.06
Ae. Albopictus,14.31,45.68
Ae. Albopictus,2.52,42.07
Ae. Albopictus,2.07,41.76
Ae. Albopictus,-0.17,40.25
Ae. Albopictus,-0.78,39.45
Ae. Albopictus,-0.43,38.37
Ae. Albopictus,-1.52,38.06
Ae. Albopictus,-2.08,41.47
Ae. Albopictus,8.77,46.22
Ae. Albopictus,7.13159,43.64094389
Ae. Albopictus,7.19998972,43.67124806
Ae. Albopictus,7.15502389,43.68328889
Ae. Albopictus,-1.16831,37.9673
Ae. Albopictus,2.06667,41.4667
Ae. Albopictus,15.88764,45.75399
Ae. Albopictus,7.666,45.066
Ae. Albopictus,9.1,39.26
Ae. Albopictus,10.383,43.7
Ae. Albopictus,11.533,45.533
Ae. Albopictus,12.233,45.666
Ae. Albopictus,12.266,45.466
Ae. Albopictus,12.483,41.883
Ae. Albopictus,20.2333,39.5167
Ae. Albopictus,11.766,45.35
Ae. Albopictus,11.85,45.35
Ae. Albopictus,19.46,41.333
Ae. Albopictus,19.7,41.633
Ae. Albopictus,19.716,41.683
Ae. Albopictus,19.9,41.016
Ae. Albopictus,20.766,40.616
Ae. Albopictus,9.3713,42.5068
Ae. Albopictus,9.4065,42.017
Ae. Albopictus,9.4127,42.687
Ae. Albopictus,9.4391,42.493
Ae. Albopictus,0.5056,40.7694
Ae. Albopictus,9.4449,42.7023
Ae. Albopictus,11.95,42.033
Ae. Albopictus,12.083,41.983
Ae. Albopictus,12.25,41.78
Ae. Albopictus,12.63,41.49
Ae. Albopictus,12.65,41.716
Ae. Albopictus,12.65,41.766
Ae. Albopictus,12.666,42.016
Ae. Albopictus,12.816,41.833
Ae. Albopictus,13.316,41.566
Ae. Albopictus,10.6,43.7
Ae. Albopictus,11.116,46.066
Ae. Albopictus,13.8959,45.8881
Ae. Albopictus,13.643167,45.84524
Ae. Albopictus,15.233205,46.150783
Ae. Albopictus,15.17299,45.81309
Ae. Albopictus,14.312362,46.168605
Ae. Albopictus,13.983179,46.12597
Ae. Albopictus,13.724866,46.179795
Ae. Albopictus,15.300095,46.385711
Ae. Albopictus,13.931674,45.501342
Ae. Albopictus,14.289815,45.959644
Ae. Albopictus,15.598562,45.899905
Ae. Albopictus,13.878358,45.551733
Ae. Albopictus,15.20462,45.573435
Ae. Albopictus,14.660039,45.948237
Ae. Albopictus,13.586389,46.244473
Ae. Albopictus,14.835388,46.054874
Ae. Albopictus,14.532783,46.071441
Ae. Albopictus,14.193256,45.681509
Ae. Albopictus,14.147932,45.524042
Ae. Albopictus,13.971571,45.468681
Ae. Albopictus,14.06185,45.757876
Ae. Albopictus,15.308401,46.00685
Ae. Albopictus,13.994002,45.664506
Ae. Albopictus,13.966725,45.682691
Ae. Albopictus,13.841261,45.822027
Ae. Albopictus,14.380165,46.018858
Ae. Albopictus,14.036077,45.996604
Ae. Albopictus,13.636623,46.087818
Ae. Albopictus,9.074133333,45.83808333
Ae. Albopictus,9.102316667,45.8177
Ae. Albopictus,9.05135,45.81161667
Ae. Albopictus,8.9301,45.79971667
Ae. Albopictus,8.972833333,45.7941
Ae. Albopictus,9.00995,45.7942
Ae. Albopictus,8.936333333,45.8763
Ae. Albopictus,8.9885,45.86846667
Ae. Albopictus,9.030783333,45.85708333
Ae. Albopictus,8.978266667,45.83725
Ae. Albopictus,8.927033333,45.83378333
Ae. Albopictus,9.017183333,45.82776667
Ae. Albopictus,7.65464,47.61429
Ae. Albopictus,8.44227,48.99552
Ae. Albopictus,7.826,47.999
Ae. Albopictus,7.787,47.999
Ae. Albopictus,7.85,48.02
Ae. Albopictus,11.57,48.13
Ae. Albopictus,11.8,48.2928
Ae. Albopictus,8.68,50.11
Ae. Albopictus,8.02,50
Ae. Albopictus,10.997,49.452
Ae. Albopictus,8.8747,49.2451
Ae. Albopictus,8.636,49.546
Ae. Albopictus,11.94,48.32
Ae. Albopictus,7.52547,47.70669
Ae. Albopictus,7.6075,47.62544
